{"assets/audios/emergency_docs.mp3":["assets/audios/emergency_docs.mp3"],"assets/audios/sirene.wav":["assets/audios/sirene.wav"],"assets/images/arrow_forward.svg":["assets/images/arrow_forward.svg"],"assets/images/bg.svg":["assets/images/bg.svg"],"assets/images/ic_ambulance.svg":["assets/images/ic_ambulance.svg"],"assets/images/ic_book.svg":["assets/images/ic_book.svg"],"assets/images/ic_call.svg":["assets/images/ic_call.svg"],"assets/images/ic_comment.svg":["assets/images/ic_comment.svg"],"assets/images/ic_contact_blue.svg":["assets/images/ic_contact_blue.svg"],"assets/images/ic_contact_green.svg":["assets/images/ic_contact_green.svg"],"assets/images/ic_delete.svg":["assets/images/ic_delete.svg"],"assets/images/ic_faq.svg":["assets/images/ic_faq.svg"],"assets/images/ic_favorite.svg":["assets/images/ic_favorite.svg"],"assets/images/ic_font_size.svg":["assets/images/ic_font_size.svg"],"assets/images/ic_fork.svg":["assets/images/ic_fork.svg"],"assets/images/ic_forum_header.png":["assets/images/ic_forum_header.png"],"assets/images/ic_help.svg":["assets/images/ic_help.svg"],"assets/images/ic_help_filled.svg":["assets/images/ic_help_filled.svg"],"assets/images/ic_home.svg":["assets/images/ic_home.svg"],"assets/images/ic_hospital.svg":["assets/images/ic_hospital.svg"],"assets/images/ic_language.svg":["assets/images/ic_language.svg"],"assets/images/ic_launcher_foreground.png":["assets/images/ic_launcher_foreground.png"],"assets/images/ic_launcher_ios.png":["assets/images/ic_launcher_ios.png"],"assets/images/ic_loc.svg":["assets/images/ic_loc.svg"],"assets/images/ic_logo_big.png":["assets/images/ic_logo_big.png"],"assets/images/ic_map_ambulance.svg":["assets/images/ic_map_ambulance.svg"],"assets/images/ic_map_volunteer.svg":["assets/images/ic_map_volunteer.svg"],"assets/images/ic_marker_ambulance.svg":["assets/images/ic_marker_ambulance.svg"],"assets/images/ic_marker_hospital.svg":["assets/images/ic_marker_hospital.svg"],"assets/images/ic_marker_user.svg":["assets/images/ic_marker_user.svg"],"assets/images/ic_marker_victim.svg":["assets/images/ic_marker_victim.svg"],"assets/images/ic_marker_volunteer.svg":["assets/images/ic_marker_volunteer.svg"],"assets/images/ic_notification.png":["assets/images/ic_notification.png"],"assets/images/ic_picture.svg":["assets/images/ic_picture.svg"],"assets/images/ic_profile.svg":["assets/images/ic_profile.svg"],"assets/images/ic_psc.png":["assets/images/ic_psc.png"],"assets/images/ic_route.svg":["assets/images/ic_route.svg"],"assets/images/ic_sehatpedia.png":["assets/images/ic_sehatpedia.png"],"assets/images/ic_setting.svg":["assets/images/ic_setting.svg"],"assets/images/ic_settings.svg":["assets/images/ic_settings.svg"],"assets/images/ic_share.svg":["assets/images/ic_share.svg"],"assets/images/ic_stop.svg":["assets/images/ic_stop.svg"],"assets/images/ic_terms.svg":["assets/images/ic_terms.svg"],"assets/images/ic_test.png":["assets/images/ic_test.png"],"assets/images/ic_theme.png":["assets/images/ic_theme.png"],"assets/images/ic_victim.svg":["assets/images/ic_victim.svg"],"assets/images/ic_volunteer.svg":["assets/images/ic_volunteer.svg"],"assets/images/launcher_icon.png":["assets/images/launcher_icon.png"],"assets/images/logo_kreki.png":["assets/images/logo_kreki.png"],"assets/images/logo_kreki_crop.png":["assets/images/logo_kreki_crop.png"],"assets/images/test.jpg":["assets/images/test.jpg"],"assets/images/test_jpeg.jpeg":["assets/images/test_jpeg.jpeg"],"assets/raw/accident.html":["assets/raw/accident.html"],"assets/raw/ams.html":["assets/raw/ams.html"],"assets/raw/ams.png":["assets/raw/ams.png"],"assets/raw/choking.html":["assets/raw/choking.html"],"assets/raw/city.json":["assets/raw/city.json"],"assets/raw/cpr.png":["assets/raw/cpr.png"],"assets/raw/hca.png":["assets/raw/hca.png"],"assets/raw/hearthattack.html":["assets/raw/hearthattack.html"],"assets/raw/province.json":["assets/raw/province.json"],"assets/raw/resusitas.png":["assets/raw/resusitas.png"],"assets/raw/tos.html":["assets/raw/tos.html"],"assets/raw/toxinology.html":["assets/raw/toxinology.html"],"fonts/Roboto-Bold.ttf":["fonts/Roboto-Bold.ttf"],"fonts/Roboto-Italic.ttf":["fonts/Roboto-Italic.ttf"],"fonts/Roboto-Light.ttf":["fonts/Roboto-Light.ttf"],"fonts/Roboto-Medium.ttf":["fonts/Roboto-Medium.ttf"],"fonts/Roboto-Regular.ttf":["fonts/Roboto-Regular.ttf"],"fonts/Roboto-Thin.ttf":["fonts/Roboto-Thin.ttf"],"packages/cupertino_icons/assets/CupertinoIcons.ttf":["packages/cupertino_icons/assets/CupertinoIcons.ttf"],"packages/flutter_vector_icons/fonts/AntDesign.ttf":["packages/flutter_vector_icons/fonts/AntDesign.ttf"],"packages/flutter_vector_icons/fonts/Entypo.ttf":["packages/flutter_vector_icons/fonts/Entypo.ttf"],"packages/flutter_vector_icons/fonts/EvilIcons.ttf":["packages/flutter_vector_icons/fonts/EvilIcons.ttf"],"packages/flutter_vector_icons/fonts/Feather.ttf":["packages/flutter_vector_icons/fonts/Feather.ttf"],"packages/flutter_vector_icons/fonts/FontAwesome.ttf":["packages/flutter_vector_icons/fonts/FontAwesome.ttf"],"packages/flutter_vector_icons/fonts/FontAwesome5_Brands.ttf":["packages/flutter_vector_icons/fonts/FontAwesome5_Brands.ttf"],"packages/flutter_vector_icons/fonts/FontAwesome5_Regular.ttf":["packages/flutter_vector_icons/fonts/FontAwesome5_Regular.ttf"],"packages/flutter_vector_icons/fonts/FontAwesome5_Solid.ttf":["packages/flutter_vector_icons/fonts/FontAwesome5_Solid.ttf"],"packages/flutter_vector_icons/fonts/Fontisto.ttf":["packages/flutter_vector_icons/fonts/Fontisto.ttf"],"packages/flutter_vector_icons/fonts/Foundation.ttf":["packages/flutter_vector_icons/fonts/Foundation.ttf"],"packages/flutter_vector_icons/fonts/Ionicons.ttf":["packages/flutter_vector_icons/fonts/Ionicons.ttf"],"packages/flutter_vector_icons/fonts/MaterialCommunityIcons.ttf":["packages/flutter_vector_icons/fonts/MaterialCommunityIcons.ttf"],"packages/flutter_vector_icons/fonts/MaterialIcons.ttf":["packages/flutter_vector_icons/fonts/MaterialIcons.ttf"],"packages/flutter_vector_icons/fonts/Octicons.ttf":["packages/flutter_vector_icons/fonts/Octicons.ttf"],"packages/flutter_vector_icons/fonts/SimpleLineIcons.ttf":["packages/flutter_vector_icons/fonts/SimpleLineIcons.ttf"],"packages/flutter_vector_icons/fonts/Zocial.ttf":["packages/flutter_vector_icons/fonts/Zocial.ttf"],"packages/fluttertoast/assets/toastify.css":["packages/fluttertoast/assets/toastify.css"],"packages/fluttertoast/assets/toastify.js":["packages/fluttertoast/assets/toastify.js"],"packages/font_awesome_flutter/lib/fonts/fa-brands-400.ttf":["packages/font_awesome_flutter/lib/fonts/fa-brands-400.ttf"],"packages/font_awesome_flutter/lib/fonts/fa-regular-400.ttf":["packages/font_awesome_flutter/lib/fonts/fa-regular-400.ttf"],"packages/font_awesome_flutter/lib/fonts/fa-solid-900.ttf":["packages/font_awesome_flutter/lib/fonts/fa-solid-900.ttf"],"packages/nb_utils/fonts/LineAwesome.ttf":["packages/nb_utils/fonts/LineAwesome.ttf"]}